index,RegionName,RegionType,CountyName,StateName,StateCodeFIPS,county_fips,State,1/1/17,1/1/18,1/1/19,1/1/20,1/1/21,1/1/22,1/1/23
"Resident Population in San Francisco County/city, CA",San Francisco County,county,San Francisco,CA,6,6075,CA,877.471,879.676,878.826,870.518,811.935,807.774,808.988
"Resident Population in Los Angeles County, CA",Los Angeles County,county,Los Angeles,CA,6,6037,CA,10092.365,10061.533,10011.602,9992.813,9809.462,9719.765,9663.345
"Resident Population in Miami-Dade County, FL",Dade County,county,Dade,FL,12,12025,FL,2709.126,2709.711,2711.612,2695.685,2669.748,2673.056,2686.867
"Resident Population in Louisville-Jefferson County, KY-IN (MSA)",Louisville-Jefferson County,county,Louisville-Jefferson,KY,21,21111,KY,1260.344,1262.81,1266.2,1362.955,1361.424,1361.3,1365.557
"Resident Population in Maricopa County, AZ",Maricopa County,county,Maricopa,AZ,4,4013,AZ,4329.227,4405.306,4492.261,4445.059,4499.438,4555.833,4585.871
"Resident Population in Orange County, CA",Orange County,county,Orange,CA,6,6059,CA,3174.159,3175.579,3170.851,3185.734,3160.611,3150.372,3135.755
"Resident Population in King County, WA",King County,county,King,WA,53,53033,WA,2205.001,2228.488,2249.653,2274.282,2252.98,2265.311,2271.38
"Resident Population in San Diego County, CA",San Diego County,county,San Diego,CA,6,6073,CA,3319.019,3332.483,3330.459,3295.298,3274.432,3277.176,3269.973
"Resident Population in Clark County, NV",Clark County,county,Clark,NV,32,32003,NV,2183.273,2228.97,2275.884,2274.887,2295.31,2322.535,2336.573
"Resident Population in Philadelphia County/city, PA",Philadelphia County,county,Philadelphia,PA,42,42101,PA,1581.699,1586.422,1584.439,1600.684,1589.623,1566.836,1550.542
"Resident Population in Sarasota County, FL",Sarasota County,county,Sarasota,FL,12,12115,FL,420.073,426.89,435.006,436.237,448.636,462.552,469.013
"Resident Population in Cook County, IL",Cook County,county,Cook,IL,17,17031,IL,5199.582,5171.007,5145.326,5263.608,5180.919,5111.566,5087.072
"Resident Population in Davidson County, TN",Davidson County,county,Davidson,TN,47,47037,TN,687.808,691.298,692.999,716.059,700.86,707.351,712.334
"Resident Population in Travis County, TX",Travis County,county,Travis,TX,48,48453,TX,1227.373,1246.693,1273.567,1296.613,1308.868,1327.55,1334.961
"Resident Population in New York County, NY",New York County,county,New York,NY,36,36000,NY,1632.337,1632.393,1632.326,1677.232,1578.055,1594.543,1597.451
"Resident Population in New York County, NY",New York County,county,New York,NY,36,36061,NY,1632.337,1632.393,1632.326,1677.232,1578.055,1594.543,1597.451
"Resident Population in Allegheny County, PA",Allegheny County,county,Allegheny,PA,42,42003,PA,1220.423,1217.508,1215.716,1249.565,1245.22,1232.605,1224.825
"Resident Population in Augusta-Richmond County, GA-SC (MSA)",Augusta-Richmond County,county,Augusta-Richmond,GA,13,13245,GA,601.007,605.253,610.2,612.172,616.187,623.985,629.429
"Resident Population in Palm Beach County, FL",Palm Beach County,county,Palm Beach,FL,12,12099,FL,1470.583,1482.833,1497.8,1494.282,1503.435,1519.867,1533.801
"Resident Population in Fairfax County, VA",Fairfax County,county,Fairfax,VA,51,51059,VA,1149.346,1149.688,1152.359,1148.627,1142.203,1139.309,1141.878
"Resident Population in Cuyahoga County, OH",Cuyahoga County,county,Cuyahoga,OH,39,39035,OH,1247.808,1241.788,1235.574,1262.573,1247.496,1236.994,1233.088
"Resident Population in Greenville County, SC",Greenville County,county,Greenville,SC,45,45045,SC,507.484,515.572,524.748,527.249,534.648,547.845,558.036
"Resident Population in Boulder County, CO",Boulder County,county,Boulder,CO,8,8013,CO,323.019,325.438,326.02,330.938,327.084,327.339,326.831
"Resident Population in Eau Claire County, WI",Eau Claire County,county,Eau Claire,WI,55,55035,WI,103.671,104.276,104.466,105.897,106.017,106.786,107.903
"Resident Population in Dallas County, TX",Dallas County,county,Dallas,TX,48,48113,TX,2620.425,2629.764,2635.603,2610.112,2588.235,2601.993,2606.358
"Resident Population in Harris County, TX",Harris County,county,Harris,TX,48,48201,TX,4655.798,4676.913,4709.243,4734.792,4735.517,4781.337,4835.125
"Resident Population in Brevard County, FL",Brevard County,county,Brevard,FL,12,12009,FL,588.165,594.978,601.024,608.775,617.9,630.707,643.979
"Resident Population in Denver County/city, CO",Denver County,county,Denver,CO,8,8031,CO,704.869,716.34,725.508,717.606,711.467,713.453,716.577
"Resident Population in Nassau County, NY",Nassau County,county,Nassau,NY,36,36059,NY,1357.26,1357.423,1356.073,1390.491,1391.809,1385.294,1381.715
"Resident Population in Charleston County, SC",Charleston County,county,Charleston,SC,45,45019,SC,402.725,406.959,412.615,409.899,414.514,419.35,424.367
"Resident Population in Erie County, NY",Erie County,county,Erie,NY,36,36029,NY,919.378,919.941,918.813,952.342,952.912,948.423,946.147
"Resident Population in Gwinnett County, GA",Gwinnett County,county,Gwinnett,GA,13,13135,GA,918.681,928.072,937.399,958.359,965.338,976.173,983.526
"Resident Population in El Paso County, CO",El Paso County,county,El Paso,CO,8,8041,CO,700.838,712.746,721.929,732.384,737.287,740.596,744.215
"Resident Population in Lancaster County, PA",Lancaster County,county,Lancaster,PA,42,42071,PA,541.352,543.96,545.441,552.821,556.292,556.66,558.589
"Resident Population in Sacramento County, CA",Sacramento County,county,Sacramento,CA,6,6067,CA,1527.984,1539.55,1551.66,1586.566,1588.81,1584.38,1584.288
"Resident Population in Broward County, FL",Broward County,county,Broward,FL,12,12011,FL,1935.945,1948.058,1955.475,1943.398,1935.575,1946.889,1962.531
"Resident Population in Wake County, NC",Wake County,county,Wake,NC,37,37183,NC,1072.463,1092.202,1112.795,1130.483,1152.301,1170.778,1190.275
"Resident Population in Chesterfield County, VA",Chesterfield County,county,Chesterfield,VA,51,51041,VA,343.5,348.704,353.376,365.311,370.931,378.29,383.876
"Resident Population in Maui County, HI",Maui County,county,Maui,HI,15,15009,HI,166.465,167.384,167.682,164.768,164.797,164.359,164.183
"Resident Population in Loudoun County, VA",Loudoun County,county,Loudoun,VA,51,51107,VA,397.192,405.964,414.872,422.705,428.764,432.792,436.347
"Resident Population in Suffolk County, NY",Suffolk County,county,Suffolk,NY,36,36103,NY,1483.862,1482.275,1478.325,1522.064,1533.815,1527.974,1523.17
"Resident Population in Dane County, WI",Dane County,county,Dane,WI,55,55025,WI,537.901,542.448,547.637,562.615,561.542,567.758,575.347
"Resident Population in Athens-Clarke County, GA (MSA)",Athens-Clarke County,county,Athens-Clarke,GA,13,13059,GA,208.9,211.366,213.681,215.712,218.314,220.331,222.06
"Resident Population in Macon-Bibb County, GA (MSA)",Macon-Bibb County,county,Macon-Bibb,GA,13,13193,GA,229.036,229.647,230.066,233.61,233.159,233.952,236.074
"Resident Population in Hillsborough County, FL",Hillsborough County,county,Hillsborough,FL,12,12057,FL,1428.96,1455.351,1476.431,1466.255,1484.607,1513.473,1535.564
"Resident Population in Lee County, FL",Lee County,county,Lee,FL,12,12071,FL,741.188,755.159,772.268,765.547,790.888,822.391,834.573
"Resident Population in Bexar County, TX",Bexar County,county,Bexar,TX,48,48029,TX,1956.394,1981.061,2002.445,2015.501,2030.981,2060.191,2087.679
"Resident Population in Collier County, FL",Collier County,county,Collier,FL,12,12021,FL,373.286,378.657,385.917,377.31,387.226,397.516,404.31
"Resident Population in Santa Cruz County, CA",Santa Cruz County,county,Santa Cruz,CA,6,6087,CA,274.865,273.713,272.87,270.474,260.475,264.24,261.547
"Resident Population in Santa Clara County, CA",Santa Clara County,county,Santa Clara,CA,6,6085,CA,1932.251,1931.985,1922.411,1931.168,1885.173,1878.335,1877.592
"Resident Population in Buncombe County, NC",Buncombe County,county,Buncombe,NC,37,37021,NC,257.408,259.726,262.049,269.702,271.945,273.79,275.901
"Resident Population in Mecklenburg County, NC",Mecklenburg County,county,Mecklenburg,NC,37,37119,NC,1079.656,1095.911,1113.283,1117.423,1126.283,1144.075,1163.701
"Resident Population in Washington County, UT",Washington County,county,Washington,UT,49,49053,UT,166.195,172.051,177.938,182.015,191.513,197.73,202.452
"Resident Population in Spokane County, WA",Spokane County,county,Spokane,WA,53,53063,WA,505.708,513.502,522.231,541.175,545.51,549.74,551.455
"Resident Population in Arlington County, VA",Arlington County,county,Arlington,VA,51,51013,VA,235.193,236.662,238.392,238.814,233.436,233.678,234.162
"Resident Population in Wayne County, MI",Wayne County,county,Wayne,MI,26,26163,MI,1757.874,1755.868,1750.093,1789.586,1774.807,1758.942,1751.169
"Resident Population in Utah County, UT",Utah County,county,Utah,UT,49,49000,UT,607.612,622.076,635.675,663.595,685.973,702.692,719.174
"Resident Population in Utah County, UT",Utah County,county,Utah,UT,49,49049,UT,607.612,622.076,635.675,663.595,685.973,702.692,719.174
"Resident Population in Milwaukee County, WI",Milwaukee County,county,Milwaukee,WI,55,55079,WI,950.843,947.908,947.011,938.55,924.276,918.078,916.205
"Resident Population in Monroe County, NY",Monroe County,county,Monroe,NY,36,36055,NY,743.528,744.239,742.605,757.551,755.813,750.887,748.482
"Resident Population in Hamilton County, OH",Hamilton County,county,Hamilton,OH,39,39061,OH,814.693,815.853,818.653,830.377,827.43,824.721,827.058
"Resident Population in Riverside County, CA",Riverside County,county,Riverside,CA,6,6065,CA,2413.058,2443.221,2465.569,2422.993,2453.399,2474.241,2492.442
"Resident Population in Walton County, FL",Walton County,county,Walton,FL,12,12131,FL,68.11,70.874,74.127,75.941,80.021,83.404,86.354
"Resident Population in Bastrop County, TX",Bastrop County,county,Bastrop,TX,48,48021,TX,84.624,86.59,88.737,98.057,102.276,106.395,110.778
"Resident Population in Bell County, TX",Bell County,county,Bell,TX,48,48027,TX,347.683,355.722,363.693,372.258,380.399,387.454,393.193
"Resident Population in Polk County, FL",Polk County,county,Polk,FL,12,12105,FL,685.79,707.095,724.967,730.158,755.598,788.382,818.33
"Resident Population in Island County, WA",Island County,county,Island,WA,53,53029,WA,83.362,84.391,85.344,86.998,87.566,86.682,86.267
"Resident Population in Salt Lake County, UT",Salt Lake County,county,Salt Lake,UT,49,49035,UT,1137.273,1148.949,1158.585,1186.983,1186.312,1186.569,1185.813
"Resident Population in Bronx County, NY",Bronx County,county,Bronx,NY,36,36005,NY,1439.956,1432.316,1418.187,1461.151,1424.084,1381.808,1356.476
"Resident Population in Spartanburg County, SC",Spartanburg County,county,Spartanburg,SC,45,45083,SC,306.979,314.49,320.254,329.379,335.397,345.948,356.698
"Resident Population in Grand Traverse County, MI",Grand Traverse County,county,Grand Traverse,MI,26,26055,MI,91.914,92.587,93.032,95.425,95.969,96.298,96.421
"Resident Population in Beaufort County, SC",Beaufort County,county,Beaufort,SC,45,45013,SC,186.993,189.563,192.638,187.815,191.997,196.147,198.979
"Resident Population in Kings County, NY",Kings County,county,Kings,NY,36,36047,NY,2594.357,2580.088,2562.329,2718.447,2637.522,2589.531,2561.225
"Resident Population in Fulton County, GA",Fulton County,county,Fulton,GA,13,13121,GA,1039.996,1051.516,1065.019,1069.394,1062.451,1073.698,1079.105
"Resident Population in Wilson County, TN",Wilson County,county,Wilson,TN,47,47189,TN,136.824,140.909,144.507,148.659,152.036,158.593,163.674
"Resident Population in Snohomish County, WA",Snohomish County,county,Snohomish,WA,53,53061,WA,803.061,814.107,822.413,829.933,836.097,840.452,844.761
"Resident Population in Medina County, OH",Medina County,county,Medina,OH,39,39103,OH,178.339,179.205,180.121,182.646,183.394,183.489,184.042
"Resident Population in Scott County, KY",Scott County,county,Scott,KY,21,21209,KY,54.82,55.983,57.079,57.531,58.316,59.077,60.168
"Resident Population in Prince George's County, MD",Prince George's County,county,Prince George's,MD,24,24033,MD,910.946,911.372,911.562,965.365,956.451,946.98,947.43
"Resident Population in Baltimore County, MD",Baltimore County,county,Baltimore,MD,24,24005,MD,828.956,828.547,828.503,853.387,850.691,845.986,844.703
"Resident Population in Montgomery County, MD",Montgomery County,county,Montgomery,MD,24,24031,MD,1047.239,1048.794,1051.129,1060.904,1056.193,1053.067,1058.474
"Resident Population in Washoe County, NV",Washoe County,county,Washoe,NV,32,32031,NV,456.864,464.593,472.381,487.71,494.3,496.98,498.022
"Resident Population in Lancaster County, SC",Lancaster County,county,Lancaster,SC,45,45057,SC,92.517,95.213,98.28,96.588,100.529,104.724,108.215
"Resident Population in Sheboygan County, WI",Sheboygan County,county,Sheboygan,WI,55,55117,WI,115.085,115.161,115.232,118.053,117.687,117.661,117.752
"Resident Population in Yuma County, AZ",Yuma County,county,Yuma,AZ,4,4027,AZ,209.244,211.245,214.182,205.659,207.284,208.874,213.221
"Resident Population in Douglas County, NE",Douglas County,county,Douglas,NE,31,31055,NE,561.099,566.523,570.86,585.431,585.452,586.106,589.54
"Resident Population in Pinal County, AZ",Pinal County,county,Pinal,AZ,4,4021,AZ,431.49,446.524,461.64,430.187,448.993,465.037,484.239
"Resident Population in Collin County, TX",Collin County,county,Collin,TX,48,48085,TX,972.724,1006.012,1035.072,1075.736,1114.661,1158.995,1195.359
"Resident Population in Orange County, FL",Orange County,county,Orange,FL,12,12095,FL,1357.72,1383.657,1395.371,1431.679,1427.761,1451.761,1471.416
"Resident Population in Ventura County, CA",Ventura County,county,Ventura,CA,6,6111,CA,848.264,847.222,844.203,843.371,839.471,832.871,829.59
"Resident Population in Manatee County, FL",Manatee County,county,Manatee,FL,12,12081,FL,385.458,394.043,402.977,401.619,413.716,429.169,441.095
"Resident Population in Williamson County, TX",Williamson County,county,Williamson,TX,48,48491,TX,546.837,567.465,591.823,615.552,644.595,672.273,697.191
"Resident Population in El Paso County, TX",El Paso County,county,El Paso,TX,48,48141,TX,836.087,835.59,837.501,866.606,867.499,867.239,869.88
"Resident Population in St. Lucie County, FL",St. Lucie County,county,St. Lucie,FL,12,12111,FL,313.207,320.34,328.063,331.441,344.246,358.886,373.586
"Resident Population in Henry County, GA",Henry County,county,Henry,GA,13,13151,GA,225.246,229.873,234.671,241.852,245.085,248.472,254.613
"Resident Population in Cherokee County, GA",Cherokee County,county,Cherokee,GA,13,13057,GA,247.944,254.277,259.475,268.156,274.732,281.194,286.602
"Resident Population in Honolulu County/city, HI",Honolulu County,county,Honolulu,HI,15,15003,HI,986.973,981.076,973.491,1012.399,1004.163,994.828,989.408
"Resident Population in Cobb County, GA",Cobb County,county,Cobb,GA,13,13067,GA,753.361,757.133,761.06,766.378,766.662,771.84,776.743
"Resident Population in Hennepin County, MN",Hennepin County,county,Hennepin,MN,27,27053,MN,1248.707,1258.021,1265.159,1281.649,1270.055,1257.066,1258.713
"Resident Population in Fayette County, WV",Fayette County,county,Fayette,WV,54,54019,WV,43.62,43.067,42.5,40.428,40.036,39.388,39.072
"Resident Population in Klamath County, OR",Klamath County,county,Klamath,OR,41,41035,OR,66.853,67.81,68.343,69.553,70.246,70.19,70.003
"Resident Population in Dearborn County, IN",Dearborn County,county,Dearborn,IN,18,18029,IN,49.634,49.56,49.573,50.75,50.875,50.9,51.215
"Resident Population in Wood County, WV",Wood County,county,Wood,WV,54,54107,WV,85.163,84.343,83.668,84.142,83.804,83.388,83.052
"Resident Population in Franklin County, OH",Franklin County,county,Franklin,OH,39,39049,OH,1296.374,1308.599,1318.766,1324.441,1317.346,1321.73,1326.063
"Resident Population in DuPage County, IL",DuPage County,county,DuPage,IL,17,17043,IL,930.569,927.808,922.761,931.317,926.848,921.664,921.213
"Resident Population in Cullman County, AL",Cullman County,county,Cullman,AL,1,1043,AL,82.83,83.3,83.644,88.136,89.639,90.663,92.016
"Resident Population in Horry County, SC",Horry County,county,Horry,SC,45,45051,SC,333.246,344.68,354.418,353.765,366.093,383.147,397.478
"Resident Population in Chester County, PA",Chester County,county,Chester,PA,42,42029,PA,519.057,522.256,525.059,534.83,540.939,546.638,549.784
"Resident Population in Santa Fe County, NM",Santa Fe County,county,Santa Fe,NM,35,35049,NM,149.687,150.128,150.951,155.043,155.4,155.761,155.956
"Resident Population in Berkeley County, WV",Berkeley County,county,Berkeley,WV,54,54003,WV,115.234,117.472,119.623,122.699,126.18,129.379,132.44
"Resident Population in Prince William County, VA",Prince William County,county,Prince William,VA,51,51153,VA,463.4,466.658,471.774,482.834,485.352,487.012,489.64
"Resident Population in Orangeburg County, SC",Orangeburg County,county,Orangeburg,SC,45,45075,SC,87.664,87.106,86.231,83.954,82.815,83.101,82.82
"Resident Population in La Crosse County, WI",La Crosse County,county,La Crosse,WI,55,55063,WI,118.161,118.22,118.151,120.921,119.331,120.252,120.486
"Resident Population in St. Louis County, MO",St. Louis County,county,St. Louis,MO,29,29189,MO,997.116,995.9,995.467,1003.13,998.439,990.791,987.059
"Resident Population in Frederick County, MD",Frederick County,county,Frederick,MD,24,24021,MD,251.037,255.698,260.609,272.786,280.647,287.54,293.391
"Resident Population in Butler County, PA",Butler County,county,Butler,PA,42,42019,PA,187.083,188.031,188.313,194.077,196.759,197.368,198.413
"Resident Population in Williamson County, TN",Williamson County,county,Williamson,TN,47,47187,TN,226.373,232.517,238.556,249.552,256.065,260.738,264.46
"Resident Population in DeKalb County, GA",DeKalb County,county,DeKalb,GA,13,13089,GA,751.68,755.514,759.932,764.489,759.113,761.779,762.992
"Resident Population in St. Charles County, MO",St. Charles County,county,St. Charles,MO,29,29183,MO,395.153,398.656,401.625,406.417,410.465,413.798,416.659
"Resident Population in Summit County, OH",Summit County,county,Summit,OH,39,39153,OH,541.695,541.451,540.814,539.821,537.436,535.769,535.733
"Resident Population in Gallatin County, MT",Gallatin County,county,Gallatin,MT,30,30031,MT,108.85,111.878,114.472,119.597,123.098,124.938,126.409
"Resident Population in Montgomery County, OH",Montgomery County,county,Montgomery,OH,39,39113,OH,531.964,531.954,532.139,537.119,536.155,533.474,533.796
"Resident Population in Sumter County, SC",Sumter County,county,Sumter,SC,45,45085,SC,106.604,106.518,106.635,105.476,104.854,103.936,104.165
"Resident Population in Bamberg County, SC",Bamberg County,county,Bamberg,SC,45,45009,SC,14.402,14.288,14.108,13.26,13.117,12.95,12.974
"Resident Population in Jefferson County, KY",Jefferson County,county,Jefferson,KY,21,21111,KY,770.383,768.706,767.785,782.845,777.251,773.095,772.144
"Resident Population in Sussex County, DE",Sussex County,county,Sussex,DE,10,10005,DE,224.697,230.048,235.235,238.629,247.809,256.447,263.509
"Resident Population in Outagamie County, WI",Outagamie County,county,Outagamie,WI,55,55087,WI,185.834,187.012,187.927,190.966,191.32,192.269,193.234
"Resident Population in Forsyth County, GA",Forsyth County,county,Forsyth,GA,13,13117,GA,229.367,237.33,244.624,252.901,260.783,267.312,272.887
"Resident Population in Nantucket County/town, MA",Nantucket/town County,county,Nantucket/town,MA,25,25019,MA,11.156,11.118,11.33,14.237,14.506,14.443,14.444
"Resident Population in Shelby County, TN",Shelby County,county,Shelby,TN,47,47157,TN,936.012,937.239,937.07,929.763,923.382,916.357,910.042
"Resident Population in Stafford County, VA",Stafford County,county,Stafford,VA,51,51179,VA,146.868,149.891,153.775,157.765,161.568,163.169,165.428
"Resident Population in Tuscaloosa County, AL",Tuscaloosa County,county,Tuscaloosa,AL,1,1125,AL,207.849,208.607,210.321,231.547,235.67,236.69,237.373
"Resident Population in Lexington County, SC",Lexington County,county,Lexington,SC,45,45063,SC,290.511,294.766,299.421,295.047,300.65,305.105,309.528
"Resident Population in Hawaii County, HI",Hawaii County,county,Hawaii,HI,15,15000,HI,200.4,202.263,202.165,200.744,203.875,206.348,207.615
"Resident Population in Hawaii County, HI",Hawaii County,county,Hawaii,HI,15,15001,HI,200.4,202.263,202.165,200.744,203.875,206.348,207.615
"Resident Population in Kalamazoo County, MI",Kalamazoo County,county,Kalamazoo,MI,26,26077,MI,263.387,265.12,265.531,261.796,260.523,260.892,262.215
"Resident Population in Peoria County, IL",Peoria County,county,Peoria,IL,17,17143,IL,182.657,180.773,179.359,181.319,179.638,178,177.513
"Resident Population in Anne Arundel County, MD",Anne Arundel County,county,Anne Arundel,MD,24,24003,MD,571.359,575.641,579.895,589.106,592.085,593.347,594.582
"Resident Population in Rutherford County, TN",Rutherford County,county,Rutherford,TN,47,47149,TN,316.777,324.809,332.125,343.298,351.194,360.682,367.101
"Resident Population in Chatham County, GA",Chatham County,county,Chatham,GA,13,13051,GA,289.771,289.771,290.185,295.089,295.69,301.025,303.655
"Resident Population in Fauquier County, VA",Fauquier County,county,Fauquier,VA,51,51061,VA,69.555,70.722,71.297,73.006,74.055,74.677,75.165
"Resident Population in Bedford County, VA",Bedford County,county,Bedford,VA,51,51019,VA,78.445,79.115,79.431,79.559,80.242,80.741,81.525
"Resident Population in Citrus County, FL",Citrus County,county,Citrus,FL,12,12017,FL,145.619,147.92,150.153,154.568,158.167,162.508,166.696
"Resident Population in Alameda County, CA",Alameda County,county,Alameda,CA,6,6001,CA,1659.824,1666.596,1668.412,1680.466,1644.047,1628.259,1622.188
"Resident Population in Rockwall County, TX",Rockwall County,county,Rockwall,TX,48,48397,TX,96.956,100.592,104.862,109.158,116.612,123.342,131.307
"Resident Population in Pinellas County, FL",Pinellas County,county,Pinellas,FL,12,12103,FL,968.886,973.343,975.367,959.793,959.583,961.792,961.596
"Resident Population in Alachua County, FL",Alachua County,county,Alachua,FL,12,12001,FL,266.501,269.19,269.489,279.737,281.889,284.041,285.994
"Resident Population in Clay County, FL",Clay County,county,Clay,FL,12,12019,FL,212.381,215.902,219.014,218.951,222.648,226.634,232.439
"Resident Population in Osceola County, FL",Osceola County,county,Osceola,FL,12,12097,FL,353.306,367.359,374.17,391.141,403.99,422.543,437.784
"Resident Population in Midland County, TX",Midland County,county,Midland,TX,48,48329,TX,165.417,172.537,176.444,170.362,168.257,172.019,177.108
"Resident Population in Denton County, TX",Denton County,county,Denton,TX,48,48121,TX,834.649,858.148,888.765,914.398,943.883,977.76,1007.703
"Resident Population in San Mateo County, CA",San Mateo County,county,San Mateo,CA,6,6081,CA,768.658,768.41,764.81,762.479,739.149,728.929,726.353
"Resident Population in San Bernardino County, CA",San Bernardino County,county,San Bernardino,CA,6,6071,CA,2149.847,2165.627,2177.279,2183.391,2193.087,2194.908,2195.611
"Resident Population in St. Johns County, FL",St. Johns County,county,St. Johns,FL,12,12109,FL,244.067,254.007,265.068,277.099,293.251,307.072,320.11
"Resident Population in Santa Barbara County, CA",Santa Barbara County,county,Santa Barbara,CA,6,6083,CA,444.998,445.137,445.464,448.424,437.521,443.915,441.257
"Resident Population in Cabarrus County, NC",Cabarrus County,county,Cabarrus,NC,37,37025,NC,206.987,211.483,216.34,227.219,231.788,235.909,240.016
"Resident Population in Brunswick County, NC",Brunswick County,county,Brunswick,NC,37,37019,NC,130.996,137.071,142.987,138.168,144.843,152.908,159.964
"Resident Population in Rockingham County, NC",Rockingham County,county,Rockingham,NC,37,37157,NC,90.844,90.68,91.118,91.195,91.211,91.966,92.518
"Resident Population in Cumberland County, NC",Cumberland County,county,Cumberland,NC,37,37051,NC,331.702,334.495,336.524,335.47,337.888,336.781,337.89
"Resident Population in Durham County, NC",Durham County,county,Durham,NC,37,37063,NC,312.466,317.478,322.969,325.567,329.849,333.292,336.892
"Resident Population in Chatham County, NC",Chatham County,county,Chatham,NC,37,37037,NC,71.248,73.171,74.419,76.664,78.141,79.939,81.624
"Resident Population in Union County, NC",Union County,county,Union,NC,37,37179,NC,231.525,236.217,240.028,239.47,244.259,249.172,256.452
"Resident Population in Pitt County, NC",Pitt County,county,Pitt,NC,37,37147,NC,178.661,179.673,181.257,170.39,172.235,173.61,175.119
"Resident Population in Kenosha County, WI",Kenosha County,county,Kenosha,WI,55,55059,WI,168.492,169.054,169.76,169.195,168.414,167.637,167.488
"Resident Population in Midland County, MI",Midland County,county,Midland,MI,26,26111,MI,83.442,83.447,83.412,83.478,83.479,83.762,84.039
"Resident Population in Silver Bow County, MT",Silver Bow County,county,Silver Bow,MT,30,30093,MT,34.859,34.768,34.901,35.21,35.502,35.947,36.36
"Resident Population in Autauga County, AL",Autauga County,county,Autauga,AL,1,1001,AL,55.448,55.533,55.769,58.915,59.203,59.726,60.342
"Resident Population in Pima County, AZ",Pima County,county,Pima,AZ,4,4019,AZ,1027.115,1037.746,1049.261,1045.175,1048.914,1057.476,1063.162
"Resident Population in Harford County, MD",Harford County,county,Harford,MD,24,24025,MD,251.948,253.884,255.594,261.23,263.302,263.815,264.644
"Resident Population in Queens County, NY",Queens County,county,Queens,NY,36,36081,NY,2295.226,2275.286,2253.942,2388.864,2329.008,2278.558,2252.196
"Resident Population in Carroll County, MD",Carroll County,county,Carroll,MD,24,24013,MD,167.687,168.421,168.774,172.941,174.313,175.472,176.639
"Resident Population in Davis County, UT",Davis County,county,Davis,UT,49,49011,UT,346.858,351.154,355.304,363.771,367.504,369.887,373.207
"Resident Population in Oscoda County, MI",Oscoda County,county,Oscoda,MI,26,26135,MI,8.236,8.249,8.318,8.235,8.32,8.391,8.545
"Resident Population in Suffolk County, MA",Suffolk County,county,Suffolk,MA,25,25025,MA,801.269,804.023,805.915,797.181,774.514,768.812,768.425
"Resident Population in Cape May County, NJ",Cape May County,county,Cape May,NJ,34,34009,NJ,93.283,92.604,92.247,95.044,95.706,95.405,94.61
"Resident Population in Whitfield County, GA",Whitfield County,county,Whitfield,GA,13,13313,GA,104.086,104.109,104.265,102.784,102.712,103.095,103.687
"Resident Population in Erie County, PA",Erie County,county,Erie,PA,42,42049,PA,273.855,271.78,269.529,270.578,269.257,268.84,267.571
"Resident Population in Anderson County, SC",Anderson County,county,Anderson,SC,45,45007,SC,198.255,200.209,202.424,204.195,206.885,209.652,213.076
"Resident Population in Sevier County, TN",Sevier County,county,Sevier,TN,47,47155,TN,97.544,98.231,98.402,98.562,99.435,98.806,99.415
"Resident Population in Ritchie County, WV",Ritchie County,county,Ritchie,WV,54,54085,WV,9.856,9.774,9.616,8.423,8.41,8.23,8.167
"Resident Population in Montgomery County, TN",Montgomery County,county,Montgomery,TN,47,47125,TN,200.228,205.849,209.807,221.281,227.741,234.899,239.872
"Resident Population in Pierce County, WA",Pierce County,county,Pierce,WA,53,53053,WA,880.745,894.951,905.719,923.589,927.402,926.479,928.696
"Resident Population in Cheatham County, TN",Cheatham County,county,Cheatham,TN,47,47021,TN,40.436,40.539,40.828,41.131,41.498,41.764,42.254
"Resident Population in Spotsylvania County, VA",Spotsylvania County,county,Spotsylvania,VA,51,51177,VA,132.889,134.227,136.447,140.604,144.003,146.828,149.588
"Resident Population in Delaware County, NY",Delaware County,county,Delaware,NY,36,36025,NY,45.061,44.624,44.356,44.231,44.718,44.774,44.41
"Resident Population in Fluvanna County, VA",Fluvanna County,county,Fluvanna,VA,51,51065,VA,26.517,26.931,27.266,27.294,27.797,28.117,28.462
"Resident Population in Beaver County, PA",Beaver County,county,Beaver,PA,42,42007,PA,165.779,164.669,163.956,167.873,166.967,165.737,165.631
"Resident Population in Dawson County, GA",Dawson County,county,Dawson,GA,13,13085,GA,24.41,25.106,26.091,27.059,28.498,30.189,31.732
"Resident Population in Kootenai County, ID",Kootenai County,county,Kootenai,ID,16,16055,ID,157.594,161.279,165.656,172.785,180.058,183.29,185.01
"Resident Population in Henrico County, VA",Henrico County,county,Henrico,VA,51,51087,VA,328.008,329.917,332.513,334.905,334.422,334.553,334.76
"Resident Population in Kent County, MI",Kent County,county,Kent,MI,26,26081,MI,649.722,653.636,656.8,658.492,658.852,658.92,661.354
"Resident Population in Jackson County, OR",Jackson County,county,Jackson,OR,41,41029,OR,217.03,219.616,220.815,223.62,224.353,221.669,220.768
"Resident Population in Providence County, RI",Providence County,county,Providence,RI,44,44007,RI,634.525,637.298,637.052,659.963,658.782,657.424,660.615
"Resident Population in Douglas County, NV",Douglas County,county,Douglas,NV,32,32005,NV,48.014,48.527,48.998,49.525,49.999,49.662,49.545
"Resident Population in Culpeper County, VA",Culpeper County,county,Culpeper,VA,51,51047,VA,51.261,51.785,52.722,52.768,53.772,54.29,54.973
"Resident Population in Alpena County, MI",Alpena County,county,Alpena,MI,26,26007,MI,28.434,28.422,28.391,28.886,28.939,28.833,28.904
"Resident Population in Lorain County, OH",Lorain County,county,Lorain,OH,39,39093,OH,307.498,309.222,310.1,313.498,314.216,316.031,317.91
"Resident Population in Albemarle County, VA",Albemarle County,county,Albemarle,VA,51,51003,VA,108.107,108.832,109.843,112.51,113.882,114.845,115.676
"Resident Population in Shelby County, AL",Shelby County,county,Shelby,AL,1,1117,AL,213.854,215.877,218.176,223.912,227.453,230.033,233
"Resident Population in Burnett County, WI",Burnett County,county,Burnett,WI,55,55013,WI,15.297,15.334,15.39,16.577,16.755,16.988,17.092
"Resident Population in Lawrence County, TN",Lawrence County,county,Lawrence,TN,47,47099,TN,43.406,43.814,44.163,44.181,44.768,45.502,46.114
"Resident Population in Livingston County, MI",Livingston County,county,Livingston,MI,26,26093,MI,189.923,191.259,192.058,193.968,195.333,196.134,196.757
"Resident Population in Maury County, TN",Maury County,county,Maury,TN,47,47119,TN,92.393,94.577,96.795,101.826,104.942,107.996,110.76
"Resident Population in Muskegon County, MI",Muskegon County,county,Muskegon,MI,26,26121,MI,173.804,173.719,173.645,174.784,175.55,175.539,176.564
"Resident Population in Calvert County, MD",Calvert County,county,Calvert,MD,24,24009,MD,91.492,92.131,92.66,92.915,94.233,94.559,94.728
"Resident Population in Muskogee County, OK",Muskogee County,county,Muskogee,OK,40,40101,OK,69.089,68.431,68.097,66.246,66.267,66.307,66.677
"Resident Population in Genesee County, MI",Genesee County,county,Genesee,MI,26,26049,MI,407.673,406.626,405.702,405.777,404.627,401.923,401.522
"Resident Population in Benton County, WA",Benton County,county,Benton,WA,53,53005,WA,198.229,201.174,204.173,207.419,210.599,212.829,215.219
"Resident Population in Dickson County, TN",Dickson County,county,Dickson,TN,47,47043,TN,52.811,53.467,53.856,54.44,55.174,55.727,56.729
"Resident Population in Hardin County, KY",Hardin County,county,Hardin,KY,21,21093,KY,108.314,110.435,110.97,110.829,111.878,111.743,112.273
"Resident Population in Aiken County, SC",Aiken County,county,Aiken,SC,45,45003,SC,168.51,169.703,171.3,169.168,171.247,174.228,177.13
"Resident Population in Price County, WI",Price County,county,Price,WI,55,55099,WI,13.377,13.371,13.347,14.025,14.048,14.159,14.102
"Resident Population in Floyd County, KY",Floyd County,county,Floyd,KY,21,21071,KY,36.301,35.861,35.515,35.798,35.304,34.918,34.423
"Resident Population in Ada County, ID",Ada County,county,Ada,ID,16,16001,ID,456.994,469.161,481.88,498.278,513.025,519.004,524.673
"Resident Population in Greenwood County, SC",Greenwood County,county,Greenwood,SC,45,45047,SC,70.515,70.633,70.963,69.39,69.126,69.223,69.46
"Resident Population in Kauai County, HI",Kauai County,county,Kauai,HI,15,15007,HI,71.838,72.292,72.19,73.19,73.829,73.783,73.851
"Resident Population in Blount County, TN",Blount County,county,Blount,TN,47,47009,TN,130.106,131.595,133.396,135.657,137.611,139.81,141.456
"Resident Population in McHenry County, IL",McHenry County,county,McHenry,IL,17,17111,IL,307.842,308.145,307.439,309.882,311.543,311.558,312.8
"Resident Population in Washington County, TN",Washington County,county,Washington,TN,47,47179,TN,127.869,129.025,129.67,133.219,133.46,136.147,138.42
"Resident Population in Coffee County, TN",Coffee County,county,Coffee,TN,47,47031,TN,55.128,56.049,56.717,58.139,58.983,59.779,60.633
"Resident Population in Clark County, WA",Clark County,county,Clark,WA,53,53011,WA,475.238,482.467,489.271,505.338,512.583,516.737,521.15
"Resident Population in Vanderburgh County, IN",Vanderburgh County,county,Vanderburgh,IN,18,18163,IN,181.031,181.165,181.561,180.336,180.165,179.563,179.81
"Resident Population in Forrest County, MS",Forrest County,county,Forrest,MS,28,28035,MS,75.19,74.983,75.035,78.189,77.869,77.976,78.208
"Resident Population in Georgetown County, SC",Georgetown County,county,Georgetown,SC,45,45043,SC,61.894,62.462,63.025,63.509,63.925,64.669,65.731
"Resident Population in Summit County, CO",Summit County,county,Summit,CO,8,8117,CO,30.848,30.771,30.851,31.001,30.998,30.636,30.465
"Resident Population in Howard County, MD",Howard County,county,Howard,MD,24,24027,MD,319.409,322.895,325.951,332.814,335.328,335.366,336.001
"Resident Population in Hinds County, MS",Hinds County,county,Hinds,MS,28,28049,MS,240.007,235.867,231.919,226.765,222.464,217.555,214.87
"Resident Population in Madison County, KY",Madison County,county,Madison,KY,21,21151,KY,91.259,92.172,93.099,92.993,93.474,95.151,96.735
"Resident Population in Dona Ana County, NM",Dona Ana County,county,Dona Ana,NM,35,35013,NM,216.218,217.47,218.864,220.06,221.732,223.53,225.21
"Resident Population in Bartholomew County, IN",Bartholomew County,county,Bartholomew,IN,18,18005,IN,82.455,83.062,84.063,82.218,82.729,83.394,84.003
"Resident Population in Hamilton County, TN",Hamilton County,county,Hamilton,TN,47,47065,TN,361.362,364.626,367.776,367.251,369.005,374.602,379.864
"Resident Population in Los Alamos County, NM",Los Alamos County,county,Los Alamos,NM,35,35028,NM,18.778,19.018,19.383,19.418,19.39,19.273,19.444
"Resident Population in Washington County, IN",Washington County,county,Washington,IN,18,18175,IN,27.78,27.936,28.063,28.238,28.138,28.171,28.205
"Resident Population in Sangamon County, IL",Sangamon County,county,Sangamon,IL,17,17167,IL,197.163,195.802,194.882,196.144,195.371,194.151,193.491
"Resident Population in Shoshone County, ID",Shoshone County,county,Shoshone,ID,16,16079,ID,12.511,12.781,12.868,13.199,13.615,13.935,14.026
"Resident Population in Douglas County, SD",Douglas County,county,Douglas,SD,46,46043,SD,2.914,2.919,2.911,2.834,2.811,2.787,2.838
"Resident Population in St. Mary's County, MD",St. Mary's County,county,St. Mary's,MD,24,24037,MD,112.627,112.948,113.764,113.999,114.65,114.783,115.281
"Resident Population in Skagit County, WA",Skagit County,county,Skagit,WA,53,53057,WA,125.852,127.728,129.181,129.902,131.005,131.322,131.417
"Resident Population in Wayne County, NY",Wayne County,county,Wayne,NY,36,36117,NY,90.429,90.11,89.816,91.202,91.149,90.958,90.829
"Resident Population in Dougherty County, GA",Dougherty County,county,Dougherty,GA,13,13095,GA,89.537,89.247,87.854,85.155,82.235,82.895,82.645
"Resident Population in Missoula County, MT",Missoula County,county,Missoula,MT,30,30063,MT,118.068,118.959,120.066,118.347,119.841,121.011,121.849
"Resident Population in Flathead County, MT",Flathead County,county,Flathead,MT,30,30029,MT,100.272,102.1,103.88,104.876,108.769,111.885,113.679
"Resident Population in Scotts Bluff County, NE",Scotts Bluff County,county,Scotts Bluff,NE,31,31157,NE,36.175,35.923,35.582,36.051,35.904,35.769,35.699
"Resident Population in Clarendon County, SC",Clarendon County,county,Clarendon,SC,45,45027,SC,34.053,33.772,33.803,30.841,30.961,30.927,31.004
"Resident Population in Taos County, NM",Taos County,county,Taos,NM,35,35055,NM,32.811,32.708,32.752,34.463,34.685,34.59,34.405
"Resident Population in Newaygo County, MI",Newaygo County,county,Newaygo,MI,26,26123,MI,48.332,48.914,49.027,50.111,50.413,50.728,51.108
"Resident Population in Jackson County, MO",Jackson County,county,Jackson,MO,29,29095,MO,698.768,701.809,704.35,717.615,717.875,716.218,718.56
"Resident Population in Whatcom County, WA",Whatcom County,county,Whatcom,WA,53,53073,WA,221.417,225.098,228.675,227.449,226.701,230.598,231.919
"Resident Population in Pend Oreille County, WA",Pend Oreille County,county,Pend Oreille,WA,53,53051,WA,13.36,13.583,13.726,13.502,13.891,14.138,14.361
"Resident Population in Multnomah County, OR",Multnomah County,county,Multnomah,OR,41,41051,OR,808.192,809.448,812.439,816.514,805.319,794.563,789.698
"Resident Population in Charlotte County, FL",Charlotte County,county,Charlotte,FL,12,12015,FL,181.998,185.204,189.669,187.995,194.934,202.582,206.134
"Resident Population in Tarrant County, TX",Tarrant County,county,Tarrant,TX,48,48439,TX,2056.197,2080.998,2101.282,2115.84,2129.695,2155.646,2182.947
"Resident Population in Pasco County, FL",Pasco County,county,Pasco,FL,12,12101,FL,525.533,539.129,554.032,566.156,585.191,609.141,632.996
"Resident Population in Sonoma County, CA",Sonoma County,county,Sonoma,CA,6,6097,CA,502.203,497.221,492.318,488.282,484.519,482.669,481.812
"Resident Population in Montgomery County, TX",Montgomery County,county,Montgomery,TX,48,48339,TX,571.542,590.127,607.583,625.291,650.755,679.554,711.354
"Resident Population in Lubbock County, TX",Lubbock County,county,Lubbock,TX,48,48303,TX,305.689,308.084,311.087,311.578,314.642,317.761,320.94
"Resident Population in Galveston County, TX",Galveston County,county,Galveston,TX,48,48167,TX,334.691,337.639,341.541,351.59,355.56,357.387,361.744
"Resident Population in Volusia County, FL",Volusia County,county,Volusia,FL,12,12127,FL,538.755,547.117,554.065,555.776,566.368,579.665,590.357
"Resident Population in Marin County, CA",Marin County,county,Marin,CA,6,6041,CA,259.975,260.091,259.085,261.306,259.278,256.154,254.407
"Resident Population in Lake County, FL",Lake County,county,Lake,FL,12,12069,FL,345.848,357.086,366.941,386.216,396.352,410.09,424.462
"Resident Population in Medina County, TX",Medina County,county,Medina,TX,48,48325,TX,50.205,50.933,51.608,50.952,52.328,53.657,54.797
"Resident Population in Jackson County, FL",Jackson County,county,Jackson,FL,12,12063,FL,48.288,48.089,46.257,47.096,47.119,48.255,48.622
"Resident Population in Duval County, FL",Duval County,county,Duval,FL,12,12031,FL,939.167,950.469,959.853,997.784,1002.774,1017.011,1030.822
"Resident Population in Leon County, FL",Leon County,county,Leon,FL,12,12073,FL,291.125,291.905,293.866,293.955,296.007,297.282,296.913
"Resident Population in Wichita County, TX",Wichita County,county,Wichita,TX,48,48485,TX,131.807,132.046,132.328,129.62,130.073,130.22,130.18
"Resident Population in Colorado County, TX",Colorado County,county,Colorado,TX,48,48089,TX,21.301,21.317,21.467,20.563,20.642,20.832,21.117
"Resident Population in Wilbarger County, TX",Wilbarger County,county,Wilbarger,TX,48,48487,TX,12.693,12.753,12.695,12.842,12.703,12.535,12.522
"Resident Population in Hays County, TX",Hays County,county,Hays,TX,48,48209,TX,214.863,222.928,230.4,243.968,255.955,269.103,280.486
"Resident Population in Freestone County, TX",Freestone County,county,Freestone,TX,48,48161,TX,19.651,19.786,19.753,19.44,19.788,20.032,20.441
"Resident Population in Seminole County, FL",Seminole County,county,Seminole,FL,12,12117,FL,463.052,468.195,471.791,471.455,470.857,478.623,484.271
"Resident Population in Hernando County, FL",Hernando County,county,Hernando,FL,12,12053,FL,186.899,190.851,194.29,195.624,200.693,206.935,212.807
"Resident Population in Dawson County, TX",Dawson County,county,Dawson,TX,48,48115,TX,12.734,12.551,12.985,12.474,12.367,12.176,12.004
"Resident Population in Jefferson County, TX",Jefferson County,county,Jefferson,TX,48,48245,TX,255.889,252.655,251.315,256.133,253.727,251.601,251.496
"Resident Population in Austin County, TX",Austin County,county,Austin,TX,48,48015,TX,29.729,30,30.107,30.132,30.431,31.07,31.677
"Resident Population in Martin County, FL",Martin County,county,Martin,FL,12,12085,FL,159.716,160.661,161.212,158.671,160.197,161.987,163.315
"Resident Population in Flagler County, FL",Flagler County,county,Flagler,FL,12,12035,FL,110.316,112.415,115.481,116.028,120.974,126.758,131.439
"Resident Population in Presidio County, TX",Presidio County,county,Presidio,TX,48,48377,TX,7.044,6.764,6.612,6.108,6.113,5.954,5.795
"Resident Population in Napa County, CA",Napa County,county,Napa,CA,6,6055,CA,139.818,138.62,137.678,137.459,136.265,134.37,133.216
"Resident Population in Marion County, FL",Marion County,county,Marion,FL,12,12083,FL,353.953,359.63,365.997,377.472,385.135,396.437,409.959
"Resident Population in Contra Costa County, CA",Contra Costa County,county,Contra Costa,CA,6,6013,CA,1145.623,1150.84,1152.883,1166.069,1163.941,1157.019,1155.025
"Resident Population in Fort Bend County, TX",Fort Bend County,county,Fort Bend,TX,48,48157,TX,768.258,789.269,812.737,829.109,860.305,888.919,916.778
"Resident Population in San Luis Obispo County, CA",San Luis Obispo County,county,San Luis Obispo,CA,6,6079,CA,282.473,283.25,282.728,281.884,279.464,282.046,281.639
"Resident Population in Guilford County, NC",Guilford County,county,Guilford,NC,37,37081,NC,528.622,533.244,537.872,539.321,542.495,546.457,549.866
"Resident Population in Henderson County, NC",Henderson County,county,Henderson,NC,37,37089,NC,115.431,116.557,117.347,116.574,117.155,118.298,119.23
"Resident Population in Wilson County, NC",Wilson County,county,Wilson,NC,37,37195,NC,81.446,81.396,81.775,78.804,78.241,78.306,78.97
"Resident Population in Macomb County, MI",Macomb County,county,Macomb,MI,26,26099,MI,870.867,872.089,872.389,880.238,877.646,874.235,875.101
"Resident Population in Houston County, GA",Houston County,county,Houston,GA,13,13153,GA,152.757,155.004,157.427,164.356,167.228,169.775,171.974
"Resident Population in Lawrence County, MS",Lawrence County,county,Lawrence,MS,28,28077,MS,12.633,12.441,12.607,11.979,11.781,11.761,11.741
"Resident Population in Butte County, SD",Butte County,county,Butte,SD,46,46019,SD,10.128,10.259,10.418,10.293,10.542,10.79,10.863
"Resident Population in Clallam County, WA",Clallam County,county,Clallam,WA,53,53009,WA,75.741,76.792,77.457,77.367,78.466,77.684,77.616
"Resident Population in Caroline County, MD",Caroline County,county,Caroline,MD,24,24011,MD,33.122,33.341,33.509,33.27,33.429,33.427,33.593
"Resident Population in Bibb County, GA",Bibb County,county,Bibb,GA,13,13021,GA,152.92,153.069,153.191,157.035,155.98,156.126,156.512
"Resident Population in Whitley County, KY",Whitley County,county,Whitley,KY,21,21235,KY,36.135,36.196,36.362,36.698,36.761,36.908,36.825
"Resident Population in Sumner County, TN",Sumner County,county,Sumner,TN,47,47165,TN,184.016,187.854,191.497,197.416,200.505,203.721,207.994
"Resident Population in Plymouth County, MA",Plymouth County,county,Plymouth,MA,25,25023,MA,515.984,518.888,521.841,530.2,533.059,533.248,535.308
"Resident Population in Winona County, MN",Winona County,county,Winona,MN,27,27169,MN,50.787,50.877,50.659,49.647,49.788,49.469,49.721
"Resident Population in Brookings County, SD",Brookings County,county,Brookings,SD,46,46011,SD,34.871,35.266,35.463,34.343,34.696,35.491,35.98
"Resident Population in Douglas County, GA",Douglas County,county,Douglas,GA,13,13097,GA,143.563,145.26,146.68,144.648,145.748,147.453,149.16
"Resident Population in Tillamook County, OR",Tillamook County,county,Tillamook,OR,41,41057,OR,26.511,26.71,27.132,27.461,27.808,27.521,27.417
"Resident Population in Oakland County, MI",Oakland County,county,Oakland,MI,26,26125,MI,1256.478,1257.472,1257.726,1272.493,1272.63,1271.025,1270.426
"Resident Population in St. Croix County, WI",St. Croix County,county,St. Croix,WI,55,55109,WI,88.615,89.721,90.691,93.872,94.998,95.967,96.763
"Resident Population in Pueblo County, CO",Pueblo County,county,Pueblo,CO,8,8101,CO,166.37,167.574,168.409,168.337,169.316,169.472,169.422
"Resident Population in Elk County, PA",Elk County,county,Elk,PA,42,42047,PA,30.274,30.096,29.894,30.946,30.796,30.467,30.198
"Resident Population in Essex County, NJ",Essex County,county,Essex,NJ,34,34013,NJ,797.222,800.53,802.162,859.974,854.233,849.724,851.117
"Resident Population in Navajo County, AZ",Navajo County,county,Navajo,AZ,4,4017,AZ,109.145,110.49,111.037,106.763,107.726,108.8,109.175
"Resident Population in Polk County, IA",Polk County,county,Polk,IA,19,19153,IA,480.962,486.222,491.031,493.022,497.842,501.184,505.255
"Resident Population in Montrose County, CO",Montrose County,county,Montrose,CO,8,8085,CO,41.795,42.309,42.791,42.818,43.236,43.807,44.156
"Resident Population in Richland County, SC",Richland County,county,Richland,SC,45,45079,SC,412.492,415.159,417.027,415.671,417.294,421.526,425.138
"Resident Population in Door County, WI",Door County,county,Door,WI,55,55029,WI,27.473,27.638,27.752,30.117,30.425,30.551,30.562
"Resident Population in Hampton County, SC",Hampton County,county,Hampton,SC,45,45049,SC,19.527,19.416,19.316,18.515,18.244,18.136,18.122
"Resident Population in Kent County, MD",Kent County,county,Kent,MD,24,24029,MD,19.486,19.467,19.426,19.12,19.244,19.295,19.303
"Resident Population in Prince George County, VA",Prince George County,county,Prince George,VA,51,51149,VA,38.049,38.17,38.528,43.073,42.962,43.021,42.871
"Resident Population in Jasper County, SC",Jasper County,county,Jasper,SC,45,45053,SC,28.556,29.228,30.294,29.15,30.431,31.986,33.544
"Resident Population in Gloucester County, NJ",Gloucester County,county,Gloucester,NJ,34,34015,NJ,291.088,291.754,291.842,302.563,304.592,306.767,308.423
"Resident Population in Roscommon County, MI",Roscommon County,county,Roscommon,MI,26,26143,MI,23.738,23.822,23.986,23.472,23.653,23.682,23.863
"Resident Population in Troup County, GA",Troup County,county,Troup,GA,13,13285,GA,70.123,70.091,70.059,69.333,69.518,70.247,70.742
"Resident Population in Manistee County, MI",Manistee County,county,Manistee,MI,26,26101,MI,24.406,24.479,24.619,25.066,25.328,25.365,25.562
"Resident Population in Craighead County, AR",Craighead County,county,Craighead,AR,5,5031,AR,107.274,109.074,110.772,111.619,111.794,112.863,113.993
"Resident Population in Chester County, SC",Chester County,county,Chester,SC,45,45023,SC,32.3,32.281,32.186,32.284,32.148,31.993,32.226
"Resident Population in Berks County, PA",Berks County,county,Berks,PA,42,42011,PA,417.601,420.407,420.375,428.671,429.635,431.573,432.821
"Resident Population in Kershaw County, SC",Kershaw County,county,Kershaw,SC,45,45055,SC,65.219,65.856,66.748,65.59,66.205,67.85,69.905
"Resident Population in Perry County, IL",Perry County,county,Perry,IL,17,17145,IL,21.292,21.163,20.935,20.886,21.014,20.512,20.503
"Resident Population in Wicomico County, MD",Wicomico County,county,Wicomico,MD,24,24045,MD,102.471,103.398,104.005,103.565,104.114,104.486,104.8
"Resident Population in Cache County, UT",Cache County,county,Cache,UT,49,49005,UT,124.448,126.574,128.309,133.631,137.458,140.145,142.393
"Resident Population in Bradley County, TN",Bradley County,county,Bradley,TN,47,47011,TN,105.575,107.271,108.233,108.828,109.755,110.539,111.579
"Resident Population in Jefferson County, AL",Jefferson County,county,Jefferson,AL,1,1073,AL,659.892,659.672,658.539,674.717,669.99,665.084,662.895
"Resident Population in Lake County, OH",Lake County,county,Lake,OH,39,39085,OH,230.114,229.856,229.739,232.516,232.222,231.736,231.64
"Resident Population in Broome County, NY",Broome County,county,Broome,NY,36,36007,NY,193.255,192.222,190.737,198.156,198.562,197.258,196.077
"Resident Population in Westchester County, NY",Westchester County,county,Westchester,NY,36,36119,NY,970.033,968.928,968.467,1001.453,999.856,991.736,990.817
"Resident Population in Gilmer County, GA",Gilmer County,county,Gilmer,GA,13,13123,GA,30.47,31.011,31.575,31.427,32.106,32.403,32.86
"Resident Population in Monroe County, IN",Monroe County,county,Monroe,IN,18,18105,IN,146.84,147.411,148.178,139.585,140.176,139.621,139.342
"Resident Population in Turner County, SD",Turner County,county,Turner,SD,46,46125,SD,8.29,8.392,8.316,8.675,8.679,8.888,9.027
"Resident Population in Bucks County, PA",Bucks County,county,Bucks,PA,42,42017,PA,627.302,628.183,628.497,646.173,647.397,645.557,645.984
"Resident Population in Berkshire County, MA",Berkshire County,county,Berkshire,MA,25,25003,MA,126.518,126.146,125.217,128.619,128.376,127.547,126.818
"Resident Population in Champaign County, IL",Champaign County,county,Champaign,IL,17,17019,IL,210.63,210.206,209.612,205.654,206.605,206.169,205.644
"Resident Population in Bayfield County, WI",Bayfield County,county,Bayfield,WI,55,55007,WI,15.013,15.086,15.172,16.237,16.322,16.659,16.769
"Resident Population in Kane County, IL",Kane County,county,Kane,IL,17,17089,IL,532.101,532.838,532.293,516.181,516.292,514.139,514.982
"Resident Population in Kitsap County, WA",Kitsap County,county,Kitsap,WA,53,53035,WA,266.636,269.583,272.299,275.823,276.589,277.813,277.658
"Resident Population in Clackamas County, OR",Clackamas County,county,Clackamas,OR,41,41005,OR,412.982,415.586,418.199,422.468,423.804,423.118,423.173
"Resident Population in Jefferson County, WI",Jefferson County,county,Jefferson,WI,55,55055,WI,84.733,85.091,84.829,86.208,85.782,85.725,85.743
"Resident Population in Trumbull County, OH",Trumbull County,county,Trumbull,OH,39,39155,OH,200.424,198.574,198.069,201.681,201.572,200.726,200.373
"Resident Population in Floyd County, GA",Floyd County,county,Floyd,GA,13,13115,GA,97.459,97.907,98.325,98.583,98.487,99.437,100.113
"Resident Population in Hancock County, GA",Hancock County,county,Hancock,GA,13,13141,GA,8.545,8.344,8.475,8.711,8.677,8.417,8.676
"Resident Population in Middlesex County, MA",Middlesex County,county,Middlesex,MA,25,25017,MA,1604.762,1608.509,1611.263,1628.235,1617.262,1616.794,1623.952
"Resident Population in Albany County, NY",Albany County,county,Albany,NY,36,36001,NY,307.919,306.691,304.752,314.018,316.178,315.921,316.659
"Resident Population in Harlan County, KY",Harlan County,county,Harlan,KY,21,21095,KY,26.687,26.338,25.96,26.754,26.15,25.652,25.324
"Resident Population in Barron County, WI",Barron County,county,Barron,WI,55,55005,WI,45.201,45.123,45.226,46.737,46.709,46.715,46.833
"Resident Population in Yavapai County, AZ",Yavapai County,county,Yavapai,AZ,4,4025,AZ,228.398,232.467,236.062,237.217,242.352,246.23,249.081
"Resident Population in Tooele County, UT",Tooele County,county,Tooele,UT,49,49045,UT,67.49,69.946,72.11,73.355,76.775,79.955,82.051
"Resident Population in Brunswick County, VA",Brunswick County,county,Brunswick,VA,51,51025,VA,16.572,16.289,16.176,15.822,15.959,15.831,15.749
"Resident Population in Towner County, ND",Towner County,county,Towner,ND,38,38095,ND,2.247,2.184,2.166,2.147,2.128,2.06,2.03
"Resident Population in Powhatan County, VA",Powhatan County,county,Powhatan,VA,51,51145,VA,28.722,29.199,29.734,30.45,31.23,31.585,32.105
"Resident Population in Hughes County, SD",Hughes County,county,Hughes,SD,46,46065,SD,17.697,17.663,17.487,17.74,17.76,17.681,17.624
"Resident Population in Pontotoc County, OK",Pontotoc County,county,Pontotoc,OK,40,40123,OK,38.348,38.328,38.352,38.095,38.184,38.032,38.396
"Resident Population in Greene County, TN",Greene County,county,Greene,TN,47,47059,TN,68.866,69.237,69.127,70.344,70.565,71.292,72.577
"Resident Population in Clearfield County, PA",Clearfield County,county,Clearfield,PA,42,42033,PA,79.803,79.542,79.183,80.432,78.335,77.824,77.09
"Resident Population in Rockland County, NY",Rockland County,county,Rockland,NY,36,36087,NY,324.6,325.656,326.352,337.367,339.786,340.357,340.807
"Resident Population in Whitman County, WA",Whitman County,county,Whitman,WA,53,53075,WA,49.514,49.821,50.136,47.807,43.224,47.579,48.012
"Resident Population in Okanogan County, WA",Okanogan County,county,Okanogan,WA,53,53047,WA,41.802,42.058,42.403,42.139,42.772,43.46,43.712
"Resident Population in Isabella County, MI",Isabella County,county,Isabella,MI,26,26073,MI,71.035,70.392,69.635,64.518,64.248,64.366,64.118
"Resident Population in Deschutes County, OR",Deschutes County,county,Deschutes,OR,41,41017,OR,186.971,191.77,197.417,199.464,205.283,206.483,208.513
"Resident Population in Union County, SC",Union County,county,Union,SC,45,45087,SC,27.433,27.327,27.221,27.181,27.01,26.739,26.629
"Resident Population in Glynn County, GA",Glynn County,county,Glynn,GA,13,13127,GA,84.836,85.099,85.326,84.482,84.786,85.145,86.172
"Resident Population in Jefferson County, WA",Jefferson County,county,Jefferson,WA,53,53031,WA,31.264,31.864,32.347,33.061,33.553,33.57,33.714
"Resident Population in Houston County, AL",Houston County,county,Houston,AL,1,1069,AL,104.472,104.943,106.24,107.284,107.47,108.047,108.462
"Resident Population in King and Queen County, VA",King and Queen County,county,King and Queen,VA,51,51097,VA,7.01,7.033,7.011,6.588,6.669,6.714,6.72
"Resident Population in Newport County, RI",Newport County,county,Newport,RI,44,44005,RI,83.099,82.796,82.472,85.515,85.608,84.721,83.832
"Resident Population in Lenawee County, MI",Lenawee County,county,Lenawee,MI,26,26091,MI,98.511,98.118,98.519,99.325,99.1,98.28,97.52
"Resident Population in Waushara County, WI",Waushara County,county,Waushara,WI,55,55137,WI,24.215,24.245,24.388,24.55,24.76,24.927,24.934
"Resident Population in Adams County, MS",Adams County,county,Adams,MS,28,28001,MS,31.653,31.248,30.736,29.423,28.846,28.517,28.746
"Resident Population in Langlade County, WI",Langlade County,county,Langlade,WI,55,55067,WI,19.184,19.239,19.208,19.463,19.479,19.502,19.404
"Resident Population in Monroe County, WI",Monroe County,county,Monroe,WI,55,55081,WI,45.818,46.197,46.674,46.3,46.083,45.894,46.151
"Resident Population in Henderson County, KY",Henderson County,county,Henderson,KY,21,21101,KY,45.915,45.566,45.276,44.678,44.418,44.032,44.119
"Resident Population in Marquette County, MI",Marquette County,county,Marquette,MI,26,26103,MI,66.524,66.406,66.689,66.012,65.739,66.548,66.999
"Resident Population in Jefferson Davis County, MS",Jefferson Davis County,county,Jefferson Davis,MS,28,28065,MS,11.285,11.189,11.089,11.269,11.163,11.079,10.969
"Resident Population in Franklin County, MA",Franklin County,county,Franklin,MA,25,25011,MA,70.674,70.722,70.276,70.923,70.991,70.995,70.836
"Resident Population in Warren County, VA",Warren County,county,Warren,VA,51,51187,VA,39.478,40.056,40.235,40.792,40.965,41.404,41.843
"Resident Population in Menifee County, KY",Menifee County,county,Menifee,KY,21,21165,KY,6.465,6.415,6.483,6.146,6.185,6.236,6.286
"Resident Population in Richmond County, NY",Richmond County,county,Richmond,NY,36,36085,NY,475.819,476.531,476.141,494.598,493.547,491.358,490.687
"Resident Population in Rockingham County, VA",Rockingham County,county,Rockingham,VA,51,51165,VA,80.448,81.353,82.14,83.774,84.518,85.414,86.568
"Resident Population in Franklin County, NY",Franklin County,county,Franklin,NY,36,36033,NY,50.478,50.325,50.102,47.477,47.106,46.393,46.502
"Resident Population in Casey County, KY",Casey County,county,Casey,KY,21,21045,KY,15.836,15.95,16.204,15.918,15.94,15.911,15.918
"Resident Population in Gasconade County, MO",Gasconade County,county,Gasconade,MO,29,29073,MO,14.695,14.68,14.671,14.763,14.78,14.772,14.705
"Resident Population in Shawnee County, KS",Shawnee County,county,Shawnee,KS,20,20177,KS,178.096,177.224,176.735,178.709,178.403,177.537,177.746
"Resident Population in Ramsey County, ND",Ramsey County,county,Ramsey,ND,38,38071,ND,11.594,11.574,11.488,11.572,11.611,11.516,11.463
"Resident Population in Cambria County, PA",Cambria County,county,Cambria,PA,42,42021,PA,133.035,131.478,130.107,133.211,132.237,131.429,130.668
"Resident Population in Fulton County, PA",Fulton County,county,Fulton,PA,42,42057,PA,14.469,14.486,14.502,14.579,14.551,14.554,14.468
"Resident Population in Lawrence County, AL",Lawrence County,county,Lawrence,AL,1,1079,AL,33.035,32.905,32.851,33.089,33.073,33.187,33.502
"Resident Population in Houghton County, MI",Houghton County,county,Houghton,MI,26,26061,MI,36.27,35.993,35.709,37.237,37.507,37.16,37.599
"Resident Population in Stanley County, SD",Stanley County,county,Stanley,SD,46,46117,SD,2.987,3.035,3.129,2.971,3.035,3.017,3.043
"Resident Population in Franklin County, ME",Franklin County,county,Franklin,ME,23,23007,ME,29.808,29.831,30.046,29.468,30.258,30.595,30.828
"Resident Population in Onondaga County, NY",Onondaga County,county,Onondaga,NY,36,36067,NY,461.843,461.89,460.87,474.192,471.887,469.728,467.873
"Resident Population in Routt County, CO",Routt County,county,Routt,CO,8,8107,CO,25.22,25.489,25.579,24.832,25.058,25.072,25.064
"Resident Population in Carver County, MN",Carver County,county,Carver,MN,27,27019,MN,102.12,103.605,105.128,107.297,108.859,110.12,111.057
"Resident Population in Bernalillo County, NM",Bernalillo County,county,Bernalillo,NM,35,35001,NM,678.28,677.929,679.425,676.853,675.286,672.957,671.586
"Resident Population in Washington County, AR",Washington County,county,Washington,AR,5,5143,AR,232.915,236.855,239.392,246.774,251.767,256.682,261.549
"Resident Population in Barnstable County, MA",Barnstable County,county,Barnstable,MA,25,25001,MA,213.856,213.779,212.923,228.012,232.315,232.078,231.735
"Resident Population in Clay County, SD",Clay County,county,Clay,SD,46,46027,SD,14.075,13.985,14.096,15,15.165,15.301,15.431
"Resident Population in Frontier County, NE",Frontier County,county,Frontier,NE,31,31063,NE,2.623,2.598,2.631,2.501,2.544,2.611,2.585
"Resident Population in Boone County, KY",Boone County,county,Boone,KY,21,21015,KY,131.151,131.971,133.67,136.468,137.747,139.045,140.496
"Resident Population in Braxton County, WV",Braxton County,county,Braxton,WV,54,54007,WV,14.218,14.03,13.894,12.398,12.296,12.17,12.162
"Resident Population in Osage County, OK",Osage County,county,Osage,OK,40,40113,OK,47.348,47.074,46.942,45.787,45.882,45.852,46.13
"Resident Population in Washington County, MS",Washington County,county,Washington,MS,28,28151,MS,46.238,45.097,43.973,44.64,43.626,42.524,41.946
"Resident Population in Grand Forks County, ND",Grand Forks County,county,Grand Forks,ND,38,38035,ND,70.722,70.675,69.67,73.141,72.586,72.421,72.708
"Resident Population in Tripp County, SD",Tripp County,county,Tripp,SD,46,46123,SD,5.448,5.484,5.43,5.611,5.58,5.579,5.621
"Resident Population in Garland County, AR",Garland County,county,Garland,AR,5,5051,AR,98.476,99.121,99.472,100.258,100.393,99.982,99.784
"Resident Population in Tulsa County, OK",Tulsa County,county,Tulsa,OK,40,40143,OK,646.874,648.496,652.166,670.702,674.051,677.061,682.868
"Resident Population in Sanborn County, SD",Sanborn County,county,Sanborn,SD,46,46111,SD,2.437,2.387,2.345,2.326,2.373,2.403,2.399
"Resident Population in Worcester County, MA",Worcester County,county,Worcester,MA,25,25027,MA,825.646,828.644,829.327,859.669,862.224,862.873,866.866
"Resident Population in Cocke County, TN",Cocke County,county,Cocke,TN,47,47029,TN,35.564,35.937,36.017,36.045,36.364,36.849,37.404
"Resident Population in Carroll County, OH",Carroll County,county,Carroll,OH,39,39019,OH,27.329,27.134,26.984,26.702,26.7,26.686,26.758
"Resident Population in Cheboygan County, MI",Cheboygan County,county,Cheboygan,MI,26,26031,MI,25.448,25.574,25.331,25.587,25.754,25.964,26.048
"Resident Population in Linn County, OR",Linn County,county,Linn,OR,41,41043,OR,125.098,127.455,129.598,128.981,130.12,130.622,131.496
"Resident Population in Rabun County, GA",Rabun County,county,Rabun,GA,13,13241,GA,16.56,16.853,17.116,16.912,17.12,17.267,17.442
"Resident Population in Ramsey County, MN",Ramsey County,county,Ramsey,MN,27,27123,MN,544.919,548.9,549.632,551.716,544.025,537.303,536.075
"Resident Population in Coweta County, GA",Coweta County,county,Coweta,GA,13,13077,GA,143.218,146.063,148.504,146.747,149.973,152.879,155.892
"Resident Population in Kenton County, KY",Kenton County,county,Kenton,KY,21,21117,KY,165.835,166.501,167.333,169.271,169.698,170.28,171.321
"Resident Population in Wyandotte County, KS",Wyandotte County,county,Wyandotte,KS,20,20209,KS,165.254,165.781,166.009,168.914,167.262,165.626,165.281
"Resident Population in McPherson County, SD",McPherson County,county,McPherson,SD,46,46089,SD,2.403,2.405,2.388,2.402,2.416,2.396,2.334
"Resident Population in Metcalfe County, KY",Metcalfe County,county,Metcalfe,KY,21,21169,KY,10.085,10.074,10.084,10.288,10.391,10.408,10.482
"Resident Population in Tucker County, WV",Tucker County,county,Tucker,WV,54,54093,WV,6.994,6.957,6.891,6.747,6.693,6.62,6.604
"Resident Population in Lake County, MI",Lake County,county,Lake,MI,26,26085,MI,11.977,11.85,11.752,12.094,12.274,12.651,12.734
"Resident Population in Sullivan County, NY",Sullivan County,county,Sullivan,NY,36,36105,NY,75,75.381,75.551,78.453,79.702,79.735,79.92
"Resident Population in Juneau County, WI",Juneau County,county,Juneau,WI,55,55057,WI,26.474,26.599,26.688,26.775,26.763,26.775,26.594
"Resident Population in Sullivan County, TN",Sullivan County,county,Sullivan,TN,47,47163,TN,157.154,157.785,158.469,158.246,159.212,160.862,162.135
"Resident Population in Union County, SD",Union County,county,Union,SD,46,46127,SD,15.311,15.616,16.003,16.86,16.876,17.063,17.183
"Resident Population in Jefferson County, ID",Jefferson County,county,Jefferson,ID,16,16051,ID,28.448,29.418,29.918,31.08,32.201,33.336,34.198
"Resident Population in Herkimer County, NY",Herkimer County,county,Herkimer,NY,36,36043,NY,62.193,61.76,61.356,60.037,60.023,59.584,59.484
"Resident Population in Hanson County, SD",Hanson County,county,Hanson,SD,46,46061,SD,3.411,3.369,3.463,3.463,3.51,3.479,3.471
"Resident Population in Mecosta County, MI",Mecosta County,county,Mecosta,MI,26,26107,MI,43.271,43.471,43.583,39.79,40.048,40.782,41.099
"Resident Population in Ohio County, WV",Ohio County,county,Ohio,WV,54,54069,WV,42.069,41.841,41.626,42.341,41.846,41.463,41.194
"Resident Population in Clayton County, IA",Clayton County,county,Clayton,IA,19,19043,IA,17.647,17.515,17.497,17.033,17.053,17.057,16.969
"Resident Population in Racine County, WI",Racine County,county,Racine,WI,55,55101,WI,196.026,196.348,196.204,197.568,196.505,195.961,196.613
"Resident Population in Newberry County, SC",Newberry County,county,Newberry,SC,45,45071,SC,38.377,38.46,38.408,37.731,37.968,38.315,38.825
"Resident Population in Knox County, ME",Knox County,county,Knox,ME,23,23013,ME,39.774,39.76,39.792,40.654,41.069,41.179,40.977
"Resident Population in Brule County, SD",Brule County,county,Brule,SD,46,46015,SD,5.3,5.185,5.222,5.241,5.243,5.301,5.311
"Resident Population in Shawano County, WI",Shawano County,county,Shawano,WI,55,55115,WI,40.832,40.725,40.794,40.855,40.829,40.987,41.109
"Resident Population in Sheridan County, WY",Sheridan County,county,Sheridan,WY,56,56033,WY,30.222,30.277,30.597,31,31.653,32.035,32.519
"Resident Population in Lincoln County, OK",Lincoln County,county,Lincoln,OK,40,40081,OK,34.967,34.824,34.939,33.498,33.846,34.134,34.562
"Resident Population in Gilmer County, WV",Gilmer County,county,Gilmer,WV,54,54021,WV,8.06,7.937,7.888,7.396,7.392,7.33,7.254
"Resident Population in Mercer County, MO",Mercer County,county,Mercer,MO,29,29129,MO,3.659,3.625,3.619,3.513,3.481,3.466,3.469
"Resident Population in Cape Girardeau County, MO",Cape Girardeau County,county,Cape Girardeau,MO,29,29031,MO,78.338,78.81,78.971,81.821,82.132,82.931,82.984
"Resident Population in Day County, SD",Day County,county,Day,SD,46,46037,SD,5.498,5.487,5.414,5.444,5.426,5.475,5.451
"Resident Population in Washington County, MD",Washington County,county,Washington,MD,24,24043,MD,150.247,150.699,151.066,154.697,155.143,155.257,155.813
"Resident Population in Woodford County, KY",Woodford County,county,Woodford,KY,21,21239,KY,26.375,26.487,26.654,26.904,27.082,27.053,27.268
"Resident Population in St. Joseph County, IN",St. Joseph County,county,St. Joseph,IN,18,18141,IN,270.219,270.961,271.695,272.682,272.286,272.282,272.848
"Resident Population in Hickman County, KY",Hickman County,county,Hickman,KY,21,21105,KY,4.531,4.424,4.365,4.529,4.426,4.434,4.447
"Resident Population in Orange County, NY",Orange County,county,Orange,NY,36,36071,NY,379.896,382.411,384.95,400.986,405.167,406.491,407.47
"Resident Population in Newton County, IN",Newton County,county,Newton,IN,18,18111,IN,14.036,13.979,13.972,13.799,13.82,13.839,13.96
"Resident Population in Gibson County, IN",Gibson County,county,Gibson,IN,18,18051,IN,33.73,33.622,33.709,33.049,32.965,33.002,32.904
"Resident Population in Hamilton County, IN",Hamilton County,county,Hamilton,IN,18,18057,IN,323.225,330.635,337.955,348.996,357.62,365.463,371.645
"Resident Population in Stark County, OH",Stark County,county,Stark,OH,39,39151,OH,372.12,371.41,370.723,374.522,373.792,372.785,372.716
"Resident Population in Clarke County, MS",Clarke County,county,Clarke,MS,28,28023,MS,15.798,15.558,15.506,15.545,15.415,15.203,15.228
"Resident Population in La Salle County, IL",La Salle County,county,La Salle,IL,17,17099,IL,109.59,109.136,108.517,109.41,109.16,108.181,108.309
"Resident Population in Marion County, IN",Marion County,county,Marion,IN,18,18097,IN,951.247,959.37,963.829,976.659,971.543,969.223,968.46
"Resident Population in York County, PA",York County,county,York,PA,42,42133,PA,445.924,448.417,449.341,456.72,459.183,461.049,464.64
"Resident Population in Hall County, GA",Hall County,county,Hall,GA,13,13139,GA,198.854,201.396,204.31,203.473,207.08,212.621,217.267
"Resident Population in Pendleton County, KY",Pendleton County,county,Pendleton,KY,21,21191,KY,14.609,14.572,14.566,14.648,14.635,14.703,14.81
"Resident Population in Bergen County, NJ",Bergen County,county,Bergen,NJ,34,34003,NJ,932.449,932.897,932.256,953.69,955.383,953.54,957.736
"Resident Population in Essex County, VA",Essex County,county,Essex,VA,51,51057,VA,10.96,10.889,10.936,10.598,10.571,10.63,10.598
"Resident Population in Mobile County, AL",Mobile County,county,Mobile,AL,1,1097,AL,414.209,414.275,413.516,414.377,413.383,411.398,411.64
"Resident Population in Teton County, WY",Teton County,county,Teton,WY,56,56039,WY,23.383,23.261,23.385,23.379,23.605,23.297,23.232
"Resident Population in Ashtabula County, OH",Ashtabula County,county,Ashtabula,OH,39,39007,OH,97.773,97.536,97.088,97.495,97.439,96.96,96.845
"Resident Population in Williamsburg County, SC",Williamsburg County,county,Williamsburg,SC,45,45089,SC,31.185,30.907,30.256,30.914,30.418,30.113,29.891
"Resident Population in Leslie County, KY",Leslie County,county,Leslie,KY,21,21131,KY,10.323,10.135,9.88,10.468,10.28,10.049,9.864
"Resident Population in Roane County, WV",Roane County,county,Roane,WV,54,54087,WV,14.02,13.88,13.651,13.987,13.932,13.833,13.743
"Resident Population in Fleming County, KY",Fleming County,county,Fleming,KY,21,21069,KY,14.439,14.49,14.574,15.101,15.265,15.278,15.442
"Resident Population in Jefferson County, NY",Jefferson County,county,Jefferson,NY,36,36045,NY,113.488,112.266,110.143,116.069,116.902,115.461,114.787
"Resident Population in Sussex County, NJ",Sussex County,county,Sussex,NJ,34,34037,NJ,141.267,140.995,140.71,143.915,145.721,145.575,146.132
"Resident Population in Rutland County, VT",Rutland County,county,Rutland,VT,50,50021,VT,59.012,58.59,58.125,60.484,60.728,60.353,60.271
"Resident Population in Florence County, SC",Florence County,county,Florence,SC,45,45041,SC,138.51,138.294,138.128,136.817,136.401,136.74,137.214
"Resident Population in Bennett County, SD",Bennett County,county,Bennett,SD,46,46007,SD,3.447,3.482,3.364,3.388,3.389,3.333,3.305
"Resident Population in Caldwell County, KY",Caldwell County,county,Caldwell,KY,21,21033,KY,12.66,12.684,12.731,12.635,12.678,12.608,12.551
"Resident Population in Hot Spring County, AR",Hot Spring County,county,Hot Spring,AR,5,5059,AR,33.63,33.68,33.784,33.075,33.079,33.149,33.258
"Resident Population in Saratoga County, NY",Saratoga County,county,Saratoga,NY,36,36091,NY,229.314,230.127,229.635,235.793,237.846,238.468,238.711
"Resident Population in Adair County, OK",Adair County,county,Adair,OK,40,40001,OK,22.122,22.251,22.224,19.456,19.442,19.516,19.627
"Resident Population in Washington County, PA",Washington County,county,Washington,PA,42,42125,PA,207.152,207.114,206.866,209.434,210.054,209.94,210.232
"Resident Population in Faulkner County, AR",Faulkner County,county,Faulkner,AR,5,5045,AR,123.706,125.336,125.828,123.82,125.608,127.565,129.951
"Resident Population in Warrick County, IN",Warrick County,county,Warrick,IN,18,18173,IN,62.433,62.443,62.851,63.996,64.657,65.231,65.867
"Resident Population in Alcorn County, MS",Alcorn County,county,Alcorn,MS,28,28003,MS,37.216,36.877,37.043,34.733,34.398,34.147,34.135
"Resident Population in Posey County, IN",Posey County,county,Posey,IN,18,18129,IN,25.563,25.529,25.408,25.185,25.165,25.098,25.04
"Resident Population in Butts County, GA",Butts County,county,Butts,GA,13,13035,GA,24.064,24.172,24.917,25.549,26.164,26.745,26.887
"Resident Population in Cumberland County, KY",Cumberland County,county,Cumberland,KY,21,21057,KY,6.706,6.704,6.626,5.856,5.9,5.969,6
"Resident Population in Knox County, KY",Knox County,county,Knox,KY,21,21121,KY,31.461,31.326,31.151,30.185,30.025,29.773,29.794
"Resident Population in Ulster County, NY",Ulster County,county,Ulster,NY,36,36111,NY,178.65,178.51,177.933,181.271,183.489,182.32,182.333
"Resident Population in Jefferson County, OH",Jefferson County,county,Jefferson,OH,39,39081,OH,66.398,65.889,65.494,65.178,65.085,64.273,64.026
"Resident Population in Lucas County, IA",Lucas County,county,Lucas,IA,19,19117,IA,8.537,8.59,8.561,8.618,8.706,8.702,8.747
"Resident Population in Mahoning County, OH",Mahoning County,county,Mahoning,OH,39,39099,OH,229.438,228.975,227.51,228.009,226.529,225.922,225.596
"Resident Population in Schuylkill County, PA",Schuylkill County,county,Schuylkill,PA,42,42107,PA,142.55,141.758,141.166,142.963,143.157,143.188,143.786
"Resident Population in Corson County, SD",Corson County,county,Corson,SD,46,46031,SD,4.187,4.137,4.076,3.895,3.849,3.817,3.782
"Resident Population in Laramie County, WY",Laramie County,county,Laramie,WY,56,56021,WY,98.599,99.264,99.865,100.73,100.827,100.781,100.984
"Resident Population in Chemung County, NY",Chemung County,county,Chemung,NY,36,36015,NY,84.825,84.033,83.404,83.668,83.039,81.641,81.325
"Resident Population in Quitman County, MS",Quitman County,county,Quitman,MS,28,28119,MS,7.207,7.053,6.808,6.159,5.9,5.674,5.546
"Resident Population in Buchanan County, VA",Buchanan County,county,Buchanan,VA,51,51027,VA,21.622,21.373,21.031,20.245,19.876,19.383,19.087
"Resident Population in Gallia County, OH",Gallia County,county,Gallia,OH,39,39053,OH,30.156,29.956,29.85,29.233,29.224,29.03,28.986
"Resident Population in Breathitt County, KY",Breathitt County,county,Breathitt,KY,21,21025,KY,12.922,12.762,12.612,13.693,13.546,13.358,12.953
"Resident Population in Johnson County, KS",Johnson County,county,Johnson,KS,20,20091,KS,592.055,599.045,602.948,611.149,614.889,619.091,622.237
"Resident Population in Berrien County, MI",Berrien County,county,Berrien,MI,26,26021,MI,154.264,153.892,153.352,154.197,153.352,152.835,152.261
"Resident Population in Montgomery County, PA",Montgomery County,county,Montgomery,PA,42,42091,PA,824.533,826.995,830.397,856.998,864.249,865.044,868.742
"Resident Population in Perry County, KY",Perry County,county,Perry,KY,21,21193,KY,26.605,26.246,25.801,28.367,27.927,27.367,27.133
"Resident Population in Paulding County, GA",Paulding County,county,Paulding,GA,13,13223,GA,159.642,164.482,169.302,169.58,173.989,178.753,183.164
"Resident Population in Yazoo County, MS",Yazoo County,county,Yazoo,MS,28,28163,MS,28.711,29.163,29.698,26.676,26.424,25.893,25.796
"Resident Population in Aroostook County, ME",Aroostook County,county,Aroostook,ME,23,23003,ME,67.638,67.302,67.092,67.063,67.075,67.322,67.351
"Resident Population in Spink County, SD",Spink County,county,Spink,SD,46,46115,SD,6.516,6.469,6.401,6.34,6.261,6.228,6.166
"Resident Population in Scotland County, MO",Scotland County,county,Scotland,MO,29,29199,MO,4.958,4.937,4.936,4.707,4.674,4.647,4.676
"Resident Population in Hancock County, MS",Hancock County,county,Hancock,MS,28,28045,MS,47.02,47.295,47.673,46.123,46.005,46.007,46.159
"Resident Population in Charles County, MD",Charles County,county,Charles,MD,24,24017,MD,159.718,161.879,163.733,166.741,168.927,170.111,171.973
"Resident Population in York County, SC",York County,county,York,SC,45,45091,SC,266.502,274.188,281.499,284.028,289.201,294.201,298.32
"Resident Population in Delta County, CO",Delta County,county,Delta,CO,8,8029,CO,30.516,30.835,31.021,31.056,31.392,31.56,31.746
"Resident Population in Skamania County, WA",Skamania County,county,Skamania,WA,53,53059,WA,11.815,11.92,12.096,12.041,12.209,12.455,12.64
"Resident Population in Delaware County, OH",Delaware County,county,Delaware,OH,39,39041,OH,201.157,205.347,209.768,215.166,221.282,226.526,231.636
"Resident Population in Haakon County, SD",Haakon County,county,Haakon,SD,46,46055,SD,1.919,1.888,1.866,1.866,1.835,1.834,1.851
"Resident Population in Adams County, WI",Adams County,county,Adams,WI,55,55001,WI,19.905,20.386,20.268,20.677,20.837,21.252,21.449
"Resident Population in Hart County, KY",Hart County,county,Hart,KY,21,21099,KY,18.737,18.868,19.014,19.29,19.477,19.594,19.724
"Resident Population in Marion County, OR",Marion County,county,Marion,OR,41,41047,OR,340.846,345.512,347.557,346.35,347.851,346.719,346.741
"Resident Population in Linn County, IA",Linn County,county,Linn,IA,19,19113,IA,224.553,226.06,227.241,230.419,229.445,228.94,228.972
"Resident Population in Darlington County, SC",Darlington County,county,Darlington,SC,45,45031,SC,67.022,66.793,66.656,62.848,62.725,62.436,62.416
"Resident Population in Hudson County, NJ",Hudson County,county,Hudson,NJ,34,34017,NJ,672.858,672.39,674.03,721.879,703.448,702.381,705.472
"Resident Population in Wood County, OH",Wood County,county,Wood,OH,39,39173,OH,130.593,130.627,131.089,132.256,130.31,131.642,132.65
"Resident Population in Monroe County, GA",Monroe County,county,Monroe,GA,13,13207,GA,27.153,27.523,27.677,28.057,28.753,29.469,30.625
"Resident Population in Broomfield County/city, CO",Broomfield County,county,Broomfield,CO,8,8014,CO,68.34,69.431,70.617,74.49,75.411,76.195,76.86
"Resident Population in Washington County, KY",Washington County,county,Washington,KY,21,21229,KY,11.871,12.011,12.098,12.043,12.08,12.06,12.267
"Resident Population in Wayne County, KY",Wayne County,county,Wayne,KY,21,21231,KY,20.621,20.401,20.278,19.539,19.535,19.634,19.58
"Resident Population in Hancock County, WV",Hancock County,county,Hancock,WV,54,54029,WV,29.411,29.096,28.834,29.038,28.595,28.254,28.145
"Resident Population in Fayette County, TN",Fayette County,county,Fayette,TN,47,47047,TN,40.156,40.529,41.044,41.87,42.616,43.338,44.175
"Resident Population in Hopkins County, KY",Hopkins County,county,Hopkins,KY,21,21107,KY,45.303,44.978,44.66,45.369,45.189,44.926,44.929
"Resident Population in Greene County, OH",Greene County,county,Greene,OH,39,39057,OH,166.72,167.643,169.354,168.131,168.236,169.027,169.691
"Resident Population in Ocean County, NJ",Ocean County,county,Ocean,NJ,34,34029,NJ,595.564,601.649,607.498,638.465,649.825,655.663,659.197
"Resident Population in Lackawanna County, PA",Lackawanna County,county,Lackawanna,PA,42,42069,PA,210.603,210.301,209.808,215.539,216.043,215.75,216.123
"Resident Population in Barton County, MO",Barton County,county,Barton,MO,29,29011,MO,11.798,11.756,11.681,11.623,11.665,11.695,11.731
"Resident Population in Mason County, WV",Mason County,county,Mason,WV,54,54053,WV,26.841,26.795,26.572,25.403,25.266,24.911,24.765
"Resident Population in Arkansas County, AR",Arkansas County,county,Arkansas,AR,5,5000,AR,17.925,17.779,17.515,17.107,16.687,16.498,16.307
"Resident Population in Arkansas County, AR",Arkansas County,county,Arkansas,AR,5,5001,AR,17.925,17.779,17.515,17.107,16.687,16.498,16.307
"Resident Population in Barrow County, GA",Barrow County,county,Barrow,GA,13,13013,GA,79.086,81.105,83.581,83.981,86.727,89.245,92.792
"Resident Population in Crawford County, PA",Crawford County,county,Crawford,PA,42,42039,PA,85.79,85.111,84.421,83.807,83.209,82.405,82.001
"Resident Population in Geauga County, OH",Geauga County,county,Geauga,OH,39,39055,OH,93.891,93.77,93.494,95.387,95.708,95.491,95.407
"Resident Population in Tyler County, WV",Tyler County,county,Tyler,WV,54,54095,WV,8.803,8.749,8.622,8.291,8.205,8.09,7.919
"Resident Population in Fond du Lac County, WI",Fond du Lac County,county,Fond du Lac,WI,55,55039,WI,102.324,102.777,103.079,104.169,104.116,103.812,103.948
"Resident Population in Cumberland County, PA",Cumberland County,county,Cumberland,PA,42,42041,PA,249.328,251.486,253.133,260.258,265.537,268.532,270.738
"Resident Population in Marathon County, WI",Marathon County,county,Marathon,WI,55,55073,WI,135.525,135.478,135.697,138.078,137.755,137.955,138.612
"Resident Population in Adams County, ID",Adams County,county,Adams,ID,16,16003,ID,4.128,4.215,4.265,4.428,4.623,4.791,4.903
"Resident Population in Delaware County, PA",Delaware County,county,Delaware,PA,42,42045,PA,564.015,565.506,566.506,576.356,576.892,575.873,576.72
"Resident Population in Montgomery County, IL",Montgomery County,county,Montgomery,IL,17,17135,IL,28.781,28.705,28.401,28.202,28.082,27.901,27.663
"Resident Population in James City County, VA",James City County,county,James City,VA,51,51095,VA,75.429,76.206,76.838,78.487,79.991,81.483,82.654
"Resident Population in McKean County, PA",McKean County,county,McKean,PA,42,42083,PA,41.427,41.012,40.631,40.399,40.317,39.819,39.519
"Resident Population in Logan County, WV",Logan County,county,Logan,WV,54,54045,WV,33.03,32.597,31.989,32.514,31.846,31.206,30.827
"Resident Population in Madison County, AL",Madison County,county,Madison,AL,1,1089,AL,362.061,367.386,372.547,390.503,396.671,403.605,412.6
"Resident Population in Madison County, MS",Madison County,county,Madison,MS,28,28089,MS,104.635,105.651,106.334,109.266,109.991,111.271,112.511
"Resident Population in Cowlitz County, WA",Cowlitz County,county,Cowlitz,WA,53,53015,WA,106.8,108.673,110.389,111.014,111.685,112.064,112.864
"Resident Population in McCurtain County, OK",McCurtain County,county,McCurtain,OK,40,40089,OK,33.024,32.921,32.748,30.852,30.824,30.773,30.66
"Resident Population in Hamblen County, TN",Hamblen County,county,Hamblen,TN,47,47063,TN,64.084,64.654,64.873,64.542,64.36,65.167,66.216
"Resident Population in Warren County, PA",Warren County,county,Warren,PA,42,42123,PA,39.682,39.528,39.171,38.511,38.161,37.818,37.572
"Resident Population in Todd County, SD",Todd County,county,Todd,SD,46,46121,SD,10.332,10.341,10.303,9.323,9.301,9.233,9.199
"Resident Population in Prentiss County, MS",Prentiss County,county,Prentiss,MS,28,28117,MS,25.224,25.062,25.074,24.971,24.962,24.891,25.135
"Resident Population in Belmont County, OH",Belmont County,county,Belmont,OH,39,39013,OH,68.074,67.492,66.979,66.292,65.899,65.495,64.918
"Resident Population in Taliaferro County, GA",Taliaferro County,county,Taliaferro,GA,13,13265,GA,1.612,1.61,1.549,1.559,1.569,1.608,1.609
"Resident Population in Thurston County, WA",Thurston County,county,Thurston,WA,53,53067,WA,280.255,285.672,289.661,295.998,298.196,298.639,299.003
"Resident Population in Barton County, KS",Barton County,county,Barton,KS,20,20009,KS,26.427,26.12,25.938,25.427,25.263,25.058,24.899
"Resident Population in Mercer County, PA",Mercer County,county,Mercer,PA,42,42085,PA,111.526,110.575,109.296,110.55,109.958,109.137,108.503
"Resident Population in Dillon County, SC",Dillon County,county,Dillon,SC,45,45033,SC,30.442,30.509,30.352,28.277,27.97,27.747,27.698
"Resident Population in Knox County, TN",Knox County,county,Knox,TN,47,47093,TN,461.977,466.787,470.137,480.516,485.941,495.38,500.669
"Resident Population in Raleigh County, WV",Raleigh County,county,Raleigh,WV,54,54081,WV,75.106,74.256,73.659,74.394,73.779,72.801,72.356
"Resident Population in Allegany County, MD",Allegany County,county,Allegany,MD,24,24001,MD,71.363,70.977,70.527,67.96,67.687,67.266,67.273
"Resident Population in Lamar County, MS",Lamar County,county,Lamar,MS,28,28073,MS,61.649,62.744,63.447,64.389,65.409,65.746,66.217
"Resident Population in Nez Perce County, ID",Nez Perce County,county,Nez Perce,ID,16,16069,ID,40.376,40.408,40.601,42.145,42.5,42.909,42.987
"Resident Population in Knott County, KY",Knott County,county,Knott,KY,21,21119,KY,15.243,15.09,14.861,14.158,14.032,13.847,13.659
"Resident Population in Westmoreland County, PA",Westmoreland County,county,Westmoreland,PA,42,42129,PA,352.152,350.6,348.941,354.346,353.717,351.998,351.163
"Resident Population in Nicholas County, KY",Nicholas County,county,Nicholas,KY,21,21181,KY,7.172,7.198,7.248,7.541,7.733,7.786,7.686
"Resident Population in Monmouth County, NJ",Monmouth County,county,Monmouth,NJ,34,34025,NJ,622.122,620.859,619.687,642.836,646.517,644.228,642.799
"Resident Population in Dewey County, OK",Dewey County,county,Dewey,OK,40,40043,OK,4.891,4.93,4.896,4.475,4.418,4.404,4.286
"Resident Population in Itawamba County, MS",Itawamba County,county,Itawamba,MS,28,28057,MS,23.508,23.434,23.351,23.865,23.885,23.971,24.093
"Resident Population in McDowell County, WV",McDowell County,county,McDowell,WV,54,54047,WV,18.517,18.198,17.6,18.935,18.406,17.806,17.439
"Resident Population in Cayuga County, NY",Cayuga County,county,Cayuga,NY,36,36011,NY,77.495,77.121,76.45,76.147,75.451,74.679,74.485
"Resident Population in Douglas County, CO",Douglas County,county,Douglas,CO,8,8035,CO,336.347,343.78,351.842,360.323,369.783,375.937,383.906
"Resident Population in Lafayette County, AR",Lafayette County,county,Lafayette,AR,5,5073,AR,6.807,6.684,6.656,6.293,6.159,6.129,6.095